kind,value,source,timestamp
uuid,00000000-0000-0000-0000-000000000000,xp+jetsam,2025-06-01 12:32:57
uuid,001537b8-e9d9-33c0-952c-cdafd300be9a,xp+jetsam,2025-06-01 12:32:57
uuid,010D253E-FBA7-492A-8FA6-11968BC103F6,xp+jetsam,2025-06-01 12:32:57
uuid,0149e95d-446c-336f-a5bf-34638882a1e2,xp+jetsam,2025-06-01 12:32:57
uuid,01c906ff-f134-351b-b00b-4212c81949e6,xp+jetsam,2025-06-01 12:32:57
uuid,0221b69f-3f71-3d74-a60b-9f6e1efb6456,xp+jetsam,2025-06-01 12:32:57
uuid,0271B10F-95D1-4DAE-91F8-BE4A4EF59DBA,xp+jetsam,2025-06-01 12:32:57
uuid,02ad9ed7-5aa2-3ac5-bb7b-dbfbeba0c58c,xp+jetsam,2025-06-01 12:32:57
uuid,031dc98d-603d-3dc9-806b-2776627ad20e,xp+jetsam,2025-06-01 12:32:57
uuid,032597f5-55c5-336f-875d-f02ee0c770aa,xp+jetsam,2025-06-01 12:32:57
uuid,0376F1DD-64D6-46DF-9F3F-F61AF8A4F7E8,xp+jetsam,2025-06-01 12:32:57
uuid,03d13a26-a384-3c45-833e-555e86be043b,xp+jetsam,2025-06-01 12:32:57
uuid,049f2e18-a13c-3723-98b1-13e745498b8f,xp+jetsam,2025-06-01 12:32:57
uuid,04dab196-dfbd-3b59-a5d4-3def6654f395,xp+jetsam,2025-06-01 12:32:57
uuid,050AFDBB-68D2-4493-A948-7B9FA07B8D53,xp+jetsam,2025-06-01 12:32:57
uuid,052FEB2D-A004-4927-A0EA-6829B4FA3C91,xp+jetsam,2025-06-01 12:32:57
uuid,065e1425-97a1-378c-b8b4-e6dfbe86d75e,xp+jetsam,2025-06-01 12:32:57
uuid,0694b1b6-b7dc-3f71-b7e7-b7109f176bb2,xp+jetsam,2025-06-01 12:32:57
uuid,06f69e96-f530-3b7e-bb05-4a8f9e7a4cb9,xp+jetsam,2025-06-01 12:32:57
uuid,0712D3A8-987E-4485-ACD5-868B94B895E9,xp+jetsam,2025-06-01 12:32:57
uuid,0720100e-f3f2-3593-802b-efe5a8fef3d3,xp+jetsam,2025-06-01 12:32:57
uuid,0730C100-F6F2-4ECC-93B9-7A5E40AC5853,xp+jetsam,2025-06-01 12:32:57
uuid,0752ad24-dbca-3076-a7c7-5f21f2333f52,xp+jetsam,2025-06-01 12:32:57
uuid,0752f44d-0a7b-3d90-8a56-b3a93afc5d32,xp+jetsam,2025-06-01 12:32:57
uuid,07a18ac2-97b1-32b8-9472-3569cd2fd102,xp+jetsam,2025-06-01 12:32:57
uuid,07c23c5a-6057-3557-a6a7-95e3f856f5ab,xp+jetsam,2025-06-01 12:32:57
uuid,07db799b-43e4-3c89-a8c5-95adadc142ec,xp+jetsam,2025-06-01 12:32:57
uuid,083cc430-5ff0-3a13-914f-123ffc9fb5af,xp+jetsam,2025-06-01 12:32:57
uuid,08CD9B52-D16B-4C7D-9EBE-0BB77B195CC7,xp+jetsam,2025-06-01 12:32:57
uuid,09974D45-1572-4ABA-95AE-01A1B6B665B4,xp+jetsam,2025-06-01 12:32:57
uuid,09c35e59-2cfc-3c24-9a0f-efe2ea73ae3a,xp+jetsam,2025-06-01 12:32:57
uuid,0DA991EE-B24F-4FFE-AE21-D83AC02655EA,xp+jetsam,2025-06-01 12:32:57
uuid,0FB38C89-C8C4-40C0-8C8E-59EBA6805FEC,xp+jetsam,2025-06-01 12:32:57
uuid,0acdee1b-a12c-31f0-a9ed-84eba23c7e00,xp+jetsam,2025-06-01 12:32:57
uuid,0b89c18d-8c20-35e6-8b1d-571a4db5492c,xp+jetsam,2025-06-01 12:32:57
uuid,0d2a0d89-85b9-34f7-a6f6-dcc4e86f3ad7,xp+jetsam,2025-06-01 12:32:57
uuid,0e4cb95c-7d01-39cb-bf6f-5277784cfdce,xp+jetsam,2025-06-01 12:32:57
uuid,10177187-d4b8-3e4f-a64b-0ce8ccfe99ff,xp+jetsam,2025-06-01 12:32:57
uuid,10C572D4-BED0-43CB-A36E-26378455140C,xp+jetsam,2025-06-01 12:32:57
uuid,10F2B9B8-4086-4C87-85AF-84CEC81D6868,xp+jetsam,2025-06-01 12:32:57
uuid,10dcbdf5-17f6-3d73-a9cc-205f016d6b7d,xp+jetsam,2025-06-01 12:32:57
uuid,116fd85f-e42f-3b8b-81ac-4987528bf342,xp+jetsam,2025-06-01 12:32:57
uuid,11FB2D1E-D746-4391-9A96-52ED5A2F4CCB,xp+jetsam,2025-06-01 12:32:57
uuid,120b1857-c760-36ba-8733-b16efcc151f5,xp+jetsam,2025-06-01 12:32:57
uuid,120bf48b-d710-3953-b314-e14ad82edcef,xp+jetsam,2025-06-01 12:32:57
uuid,12f02873-7669-3cdd-a830-bf4234e72309,xp+jetsam,2025-06-01 12:32:57
uuid,13676ac0-50a2-3496-a345-9b7e7055e46c,xp+jetsam,2025-06-01 12:32:57
uuid,13e2f143-9f64-3a7a-ac02-8f6453b7e127,xp+jetsam,2025-06-01 12:32:57
uuid,13fc446e-d778-32cc-82d2-4a29db2817fe,xp+jetsam,2025-06-01 12:32:57
uuid,149d860d-5c1c-3760-83b7-3e7cccc740fe,xp+jetsam,2025-06-01 12:32:57
uuid,15C958B2-B5F1-4412-802D-9BDC2A3E2440,xp+jetsam,2025-06-01 12:32:57
uuid,15a192a4-8b7b-3f19-85d2-50181cd452a2,xp+jetsam,2025-06-01 12:32:57
uuid,1615fa2e-9fb3-33fc-add4-e5b9f4f60684,xp+jetsam,2025-06-01 12:32:57
uuid,16efc3c9-db8b-3091-893a-a7f4d8677df5,xp+jetsam,2025-06-01 12:32:57
uuid,17A02CE6-C057-4171-ABED-76CFF6CA92B1,xp+jetsam,2025-06-01 12:32:57
uuid,17d7fd67-75ea-38cf-b700-580cfe4239c7,xp+jetsam,2025-06-01 12:32:57
uuid,18FEFD43-A7A6-4E91-A366-5C5E437D2BB0,xp+jetsam,2025-06-01 12:32:57
uuid,1925cda3-2851-3a17-8f66-fbbb7384df8b,xp+jetsam,2025-06-01 12:32:57
uuid,1A995F2B-B9BD-4CD9-A698-DCA315300A48,xp+jetsam,2025-06-01 12:32:57
uuid,1CA81D8D-1298-4774-82EB-DA667C268857,xp+jetsam,2025-06-01 12:32:57
uuid,1E141767-0319-4EF8-9655-AB7E3811D00C,xp+jetsam,2025-06-01 12:32:57
uuid,1E9AE2F5-36D0-4410-AEFB-F5B0871A35E7,xp+jetsam,2025-06-01 12:32:57
uuid,1EFE3452-6AC4-4F2B-B631-0228C59FF3BD,xp+jetsam,2025-06-01 12:32:57
uuid,1c6a6192-2aa9-33ad-a927-1fe9ad084451,xp+jetsam,2025-06-01 12:32:57
uuid,1c9712ee-6dd3-3c0a-8d10-2d5abe6ad8c6,xp+jetsam,2025-06-01 12:32:57
uuid,1cea7e68-c612-3e35-8d87-a618d8088768,xp+jetsam,2025-06-01 12:32:57
uuid,1d18b715-c072-3cec-8ce2-9303a6c7c937,xp+jetsam,2025-06-01 12:32:57
uuid,1e592738-416d-3822-921d-fce1e371e1c5,xp+jetsam,2025-06-01 12:32:57
uuid,1f45dd0a-b0e4-39ad-9627-9789e980c4f8,xp+jetsam,2025-06-01 12:32:57
uuid,20bf2fae-f41b-34ca-99fb-c2ec17057121,xp+jetsam,2025-06-01 12:32:57
uuid,219E3863-B87C-4343-9186-73EF3C12E766,xp+jetsam,2025-06-01 12:32:57
uuid,21EA5A01-2647-476B-A251-5899E0439F5C,xp+jetsam,2025-06-01 12:32:57
uuid,220df5f8-238c-3ae0-8d32-84a9f911ac15,xp+jetsam,2025-06-01 12:32:57
uuid,22313574-afb5-3753-9e12-9ba0f1a54b02,xp+jetsam,2025-06-01 12:32:57
uuid,22db7add-7b0e-3d55-a391-4260d92dfe92,xp+jetsam,2025-06-01 12:32:57
uuid,233E8792-FCA0-4459-9E16-B8CE85AA28E4,xp+jetsam,2025-06-01 12:32:57
uuid,23EB8050-F9AC-410D-AD76-1DED042C0BB3,xp+jetsam,2025-06-01 12:32:57
uuid,24017311-ecb7-3670-9ede-e4f8d7773bc3,xp+jetsam,2025-06-01 12:32:57
uuid,25E59D15-7FF9-43F4-ACCA-A22787D5B49C,xp+jetsam,2025-06-01 12:32:57
uuid,263211EE-267D-4EB0-976D-06F0F202F2AE,xp+jetsam,2025-06-01 12:32:57
uuid,264038b0-12f2-3d30-8854-c399d9cf8188,xp+jetsam,2025-06-01 12:32:57
uuid,26EB1D91-C42B-43FF-AD5B-41FBBDF71D85,xp+jetsam,2025-06-01 12:32:57
uuid,2728A8E6-64C2-4111-A27B-4BCAE97FF5E7,xp+jetsam,2025-06-01 12:32:57
uuid,275ff511-b9da-30cd-bfa3-6658fe6369bd,xp+jetsam,2025-06-01 12:32:57
uuid,27ad2246-8cde-3e35-ab7b-520bb223e84f,xp+jetsam,2025-06-01 12:32:57
uuid,281743b9-0b0a-34a2-8b90-2058ed70962e,xp+jetsam,2025-06-01 12:32:57
uuid,28553b55-8273-382a-9892-5f1a5f6702b1,xp+jetsam,2025-06-01 12:32:57
uuid,28a4eb14-302b-35bf-bc54-acd0802dbe7b,xp+jetsam,2025-06-01 12:32:57
uuid,28e191bb-7208-37b5-9e36-21270baf0c00,xp+jetsam,2025-06-01 12:32:57
uuid,297bcc10-2e5f-3b88-9afa-40223dad95d6,xp+jetsam,2025-06-01 12:32:57
uuid,2AD70141-ADCF-4474-9BC2-42B61B4E4ACD,xp+jetsam,2025-06-01 12:32:57
uuid,2AFAB7FA-9F16-4E3F-8550-83D3BBA0CB14,xp+jetsam,2025-06-01 12:32:57
uuid,2CD07512-CF39-437F-95A6-6FABE809F314,xp+jetsam,2025-06-01 12:32:57
uuid,2DAD6619-8A50-4596-9049-77E324AC993F,xp+jetsam,2025-06-01 12:32:57
uuid,2a63bb6b-6779-3a3e-bf9b-0e5db0a236b3,xp+jetsam,2025-06-01 12:32:57
uuid,2ac94e38-a5f6-3c65-9eba-b9e9daefd06d,xp+jetsam,2025-06-01 12:32:57
uuid,2b933b6f-e94d-3af7-a19b-e5e860c8ea3b,xp+jetsam,2025-06-01 12:32:57
uuid,2c738226-252f-36d9-81f0-4ccb00165c62,xp+jetsam,2025-06-01 12:32:57
uuid,2e045422-036f-349e-b03b-f654f781feb2,xp+jetsam,2025-06-01 12:32:57
uuid,2e5757e3-bc6d-32a7-91aa-4499ca4afe61,xp+jetsam,2025-06-01 12:32:57
uuid,2ebc4731-dab2-3f64-b59b-aab1e07bf9e0,xp+jetsam,2025-06-01 12:32:57
uuid,2ec2efcb-6abc-33b9-a5c9-7af7230509e5,xp+jetsam,2025-06-01 12:32:57
uuid,2f189bad-4e43-3f09-97e5-f76f0d997d9d,xp+jetsam,2025-06-01 12:32:57
uuid,305cb243-7f22-3e11-b2ec-6554125a44ac,xp+jetsam,2025-06-01 12:32:57
uuid,306CD6A0-6D41-44BE-BAB7-8CAF26BBAD2E,xp+jetsam,2025-06-01 12:32:57
uuid,3075DF16-DF88-4778-AA73-A2340409AC22,xp+jetsam,2025-06-01 12:32:57
uuid,3083d682-0b1c-3835-a78c-d94c5d56a862,xp+jetsam,2025-06-01 12:32:57
uuid,310429B9-D6E0-4D4F-B605-F2BD28D89F12,xp+jetsam,2025-06-01 12:32:57
uuid,31986226-2cd8-3205-80a6-e647b9bdfa36,xp+jetsam,2025-06-01 12:32:57
uuid,31afcc8b-d94d-3c49-bce8-52e8c2a0a52e,xp+jetsam,2025-06-01 12:32:57
uuid,31e72a7c-e27c-3a1d-96af-a9a366e2f40c,xp+jetsam,2025-06-01 12:32:57
uuid,32f5624a-cbe6-38df-b233-851609c74d39,xp+jetsam,2025-06-01 12:32:57
uuid,3301f40f-93b6-3ead-b3a1-d39a147637a3,xp+jetsam,2025-06-01 12:32:57
uuid,3345937C-2FC8-4C00-B84B-D18850AD3131,xp+jetsam,2025-06-01 12:32:57
uuid,3373c2b1-663d-3b72-acdd-78fd0940d471,xp+jetsam,2025-06-01 12:32:57
uuid,348f2d6c-45b3-3517-85e7-816f72843187,xp+jetsam,2025-06-01 12:32:57
uuid,3713bce0-eaaa-36d8-8de5-009f1f7800f1,xp+jetsam,2025-06-01 12:32:57
uuid,37209e8e-7e58-341a-b3e3-a603f9295f8c,xp+jetsam,2025-06-01 12:32:57
uuid,38000863-f333-38d7-80a4-370d0ce64a91,xp+jetsam,2025-06-01 12:32:57
uuid,389C3168-0893-4E29-ADDC-3BA63D3835CE,xp+jetsam,2025-06-01 12:32:57
uuid,39A94121-45FE-43AF-82C4-0453DE0C8B42,xp+jetsam,2025-06-01 12:32:57
uuid,3EA86048-BE21-4C8E-A04D-8C05B3DB680F,xp+jetsam,2025-06-01 12:32:57
uuid,3F20F1AD-2677-4A64-801C-32E6D0FA98C3,xp+jetsam,2025-06-01 12:32:57
uuid,3F46FE31-EEE0-4BEB-9C12-DBCCB0011D77,xp+jetsam,2025-06-01 12:32:57
uuid,3F7157B3-C4EB-41D8-B12F-8D58F886189E,xp+jetsam,2025-06-01 12:32:57
uuid,3a21dbd3-7f88-3fe6-8a33-549c616c1a9a,xp+jetsam,2025-06-01 12:32:57
uuid,3a668fca-3b7c-3ba4-a702-dba93149a610,xp+jetsam,2025-06-01 12:32:57
uuid,3ac5aaee-aee3-3bee-9c41-a300be3024fc,xp+jetsam,2025-06-01 12:32:57
uuid,3bef1270-72c3-3800-9961-b21d31d52a43,xp+jetsam,2025-06-01 12:32:57
uuid,3c55161e-e262-3eb1-9745-5e3392a8033c,xp+jetsam,2025-06-01 12:32:57
uuid,3d05737e-55de-38e2-8ea6-040ee0f4de4f,xp+jetsam,2025-06-01 12:32:57
uuid,3d591a39-c6d8-3e9c-9d5b-2110dc6fe49f,xp+jetsam,2025-06-01 12:32:57
uuid,3d63e66b-3c47-395a-a5a6-b2b4391d6147,xp+jetsam,2025-06-01 12:32:57
uuid,3e3653ea-bf1b-3973-bb3b-99563f1c548f,xp+jetsam,2025-06-01 12:32:57
uuid,3ec60655-5baa-39f6-bf6c-5ccd13041063,xp+jetsam,2025-06-01 12:32:57
uuid,3efee7ac-9f95-3529-aada-fd57e3a27fbc,xp+jetsam,2025-06-01 12:32:57
uuid,3fe32897-8d7a-353d-8399-e5d91796b449,xp+jetsam,2025-06-01 12:32:57
uuid,401b25e2-05a8-32f6-9593-38f8496ea63d,xp+jetsam,2025-06-01 12:32:57
uuid,409ac0d6-2231-3006-974b-909c84422830,xp+jetsam,2025-06-01 12:32:57
uuid,40CF8472-562F-452E-B838-93CCB59B12E3,xp+jetsam,2025-06-01 12:32:57
uuid,40E3BAD4-D2A0-421A-A892-E5046159AE4E,xp+jetsam,2025-06-01 12:32:57
uuid,411acf79-4e01-3a55-a761-d7a49a5b00f8,xp+jetsam,2025-06-01 12:32:57
uuid,41c1a9e7-f44d-38df-8995-169f8fb219b5,xp+jetsam,2025-06-01 12:32:57
uuid,41db52cd-2616-3580-a904-e857ecd3e454,xp+jetsam,2025-06-01 12:32:57
uuid,4202DA9B-C019-4F95-B0B1-EE9292CE83B7,xp+jetsam,2025-06-01 12:32:57
uuid,428e376b-e758-3c30-97a8-8a92bf1e1f1e,xp+jetsam,2025-06-01 12:32:57
uuid,4290E99B-F00F-4C3E-BFB1-206B31C2C03A,xp+jetsam,2025-06-01 12:32:57
uuid,42D738E8-542B-4640-809C-F2FA8C38867A,xp+jetsam,2025-06-01 12:32:57
uuid,42c40e17-4bee-39fe-a4be-c4f4e06b6715,xp+jetsam,2025-06-01 12:32:57
uuid,42c47fd5-55b0-36c3-a527-ab300ec86437,xp+jetsam,2025-06-01 12:32:57
uuid,43d85e6e-9ebc-3e2c-9211-7f25fca7c9b1,xp+jetsam,2025-06-01 12:32:57
uuid,441ae775-524a-378d-a09d-db09f5c810d6,xp+jetsam,2025-06-01 12:32:57
uuid,452EC812-9DF7-4136-BD1B-92B1DAF40C07,xp+jetsam,2025-06-01 12:32:57
uuid,45806710-270A-41CD-B314-DFACB6299F15,xp+jetsam,2025-06-01 12:32:57
uuid,45CB66DE-8FFC-44BA-9C73-1C3374DFBDE3,xp+jetsam,2025-06-01 12:32:57
uuid,45d7c0bd-7810-3267-b4bd-91cf383865dd,xp+jetsam,2025-06-01 12:32:57
uuid,464a2061-f23a-3e48-99ea-29d76f04fca3,xp+jetsam,2025-06-01 12:32:57
uuid,465ad20e-c7ef-35f4-a861-bf699f12ea71,xp+jetsam,2025-06-01 12:32:57
uuid,46632022-d46b-318e-96a8-30dfed6cc14a,xp+jetsam,2025-06-01 12:32:57
uuid,46a30592-e39d-3852-a85f-583fc3df30a2,xp+jetsam,2025-06-01 12:32:57
uuid,46b29a32-0ff6-3904-b863-16f03d6133e2,xp+jetsam,2025-06-01 12:32:57
uuid,4741FABD-C9D0-4ACB-98BD-1FCA908EF014,xp+jetsam,2025-06-01 12:32:57
uuid,47a0606d-4a69-327c-899e-7b5717a8e19e,xp+jetsam,2025-06-01 12:32:57
uuid,47b414b1-158b-3f1e-a69f-a947a9da703d,xp+jetsam,2025-06-01 12:32:57
uuid,47c45012-c5a8-39e7-b858-bc99b027eb86,xp+jetsam,2025-06-01 12:32:57
uuid,47d51af3-4d6a-3c9a-b91a-c1397b1e2a98,xp+jetsam,2025-06-01 12:32:57
uuid,4802b6d1-c688-38e8-aa3b-5e0cbcc8e0ee,xp+jetsam,2025-06-01 12:32:57
uuid,4819bd78-bae6-3c87-bf82-ac7ebd7c6f2a,xp+jetsam,2025-06-01 12:32:57
uuid,484402F2-128D-4F06-9C2E-A2FBC3800BF9,xp+jetsam,2025-06-01 12:32:57
uuid,48FF0100-D57D-4CE1-BBD2-ED34B30532A1,xp+jetsam,2025-06-01 12:32:57
uuid,48a67669-1864-39a9-ae6b-87b74e546f96,xp+jetsam,2025-06-01 12:32:57
uuid,48a946dd-8be1-3043-831e-7e51e686ffd6,xp+jetsam,2025-06-01 12:32:57
uuid,48b59552-45bc-3620-b69f-762f804eddc6,xp+jetsam,2025-06-01 12:32:57
uuid,4918E284-8E3D-41A6-9A80-F0F83E88E453,xp+jetsam,2025-06-01 12:32:57
uuid,498a4d42-0af9-324d-b31d-6acece0deccb,xp+jetsam,2025-06-01 12:32:57
uuid,49C0D4AF-AE13-47F3-8D3F-24A6F6D1CD08,xp+jetsam,2025-06-01 12:32:57
uuid,49d4a364-0441-39c6-a0db-dacbc8891e85,xp+jetsam,2025-06-01 12:32:57
uuid,4BA96527-C5F1-4EC2-95FD-B196FDEC0CD1,xp+jetsam,2025-06-01 12:32:57
uuid,4D32BFF6-EA7D-4390-8E82-F90E0D0C90EE,xp+jetsam,2025-06-01 12:32:57
uuid,4E255F4E-876E-4C67-B720-9ACD44ACBA48,xp+jetsam,2025-06-01 12:32:57
uuid,4a4611dd-735e-3515-9bdc-a4fac9a2ff78,xp+jetsam,2025-06-01 12:32:57
uuid,4d4ebece-6b02-3a0a-8028-aec02d2a8fd2,xp+jetsam,2025-06-01 12:32:57
uuid,4d79888d-319c-313a-afe3-36e15b7faf89,xp+jetsam,2025-06-01 12:32:57
uuid,4da5e114-1646-37be-992d-b320f7763b22,xp+jetsam,2025-06-01 12:32:57
uuid,4e29a5f3-4650-3ad4-9c58-a4f4b73ab8ed,xp+jetsam,2025-06-01 12:32:57
uuid,4ff74ff5-ec79-3ed1-92a2-05e6af277827,xp+jetsam,2025-06-01 12:32:57
uuid,501973AB-7952-4A7B-A885-099BEAA00157,xp+jetsam,2025-06-01 12:32:57
uuid,50218D94-518D-4595-BF11-1705AD9E7DE1,xp+jetsam,2025-06-01 12:32:57
uuid,503d531a-6cd7-385f-9496-0f747ac6be6a,xp+jetsam,2025-06-01 12:32:57
uuid,508901a5-e3fa-3cd6-870c-256b7eebdf4d,xp+jetsam,2025-06-01 12:32:57
uuid,50a34e54-af9d-3f3f-a257-47dbe52b3ef8,xp+jetsam,2025-06-01 12:32:57
uuid,50ac7d81-1a63-3fb5-86a2-51a34b1c9634,xp+jetsam,2025-06-01 12:32:57
uuid,511d9672-a29d-332b-a013-5905b5f2ba79,xp+jetsam,2025-06-01 12:32:57
uuid,519F7B73-7F05-42C8-8564-3553792591C6,xp+jetsam,2025-06-01 12:32:57
uuid,51B85DFF-EE65-477D-8405-D34E110CD6FB,xp+jetsam,2025-06-01 12:32:57
uuid,52C8D1C6-DFC4-411F-B819-53C83DC6A777,xp+jetsam,2025-06-01 12:32:57
uuid,53f75028-d974-37bc-98d4-6f6738324de6,xp+jetsam,2025-06-01 12:32:57
uuid,547F5154-607A-4B81-A5B2-15263834D0F8,xp+jetsam,2025-06-01 12:32:57
uuid,54fbd4bd-cd1b-3b19-a2ed-2b0e15a812a6,xp+jetsam,2025-06-01 12:32:57
uuid,56d3244b-499d-319c-a341-398f0a676c66,xp+jetsam,2025-06-01 12:32:57
uuid,57905445-26ed-364c-b04e-a311b65c0d2a,xp+jetsam,2025-06-01 12:32:57
uuid,57ed9f03-9b30-3c4f-a1e4-de9b08ecb79e,xp+jetsam,2025-06-01 12:32:57
uuid,59aefcc3-de1f-364f-aeed-cc1e68550a99,xp+jetsam,2025-06-01 12:32:57
uuid,59e6f929-57a6-3e62-8d5e-d22a50a4cb40,xp+jetsam,2025-06-01 12:32:57
uuid,5A0CA98E-66DA-4FC0-ADE9-98798E228C91,xp+jetsam,2025-06-01 12:32:57
uuid,5A480894-8955-4521-8205-D3F6F8A3A572,xp+jetsam,2025-06-01 12:32:57
uuid,5C29491E-7CD6-492A-84DD-A3E7C4D4D0D2,xp+jetsam,2025-06-01 12:32:57
uuid,5C471A1D-24EE-4846-B27E-CC385DB4E4DE,xp+jetsam,2025-06-01 12:32:57
uuid,5D70C300-5EE0-4413-8D29-00369EFBB8BD,xp+jetsam,2025-06-01 12:32:57
uuid,5F50F309-123A-484A-87FA-A10507AC52C1,xp+jetsam,2025-06-01 12:32:57
uuid,5FC10B59-F58A-4FF1-9E77-710D7C266D91,xp+jetsam,2025-06-01 12:32:57
uuid,5a281256-0f98-3564-a9e7-6f35b68ee322,xp+jetsam,2025-06-01 12:32:57
uuid,5b339852-b1e6-31f3-8e5c-e8ba4773cb68,xp+jetsam,2025-06-01 12:32:57
uuid,5b7b8115-a849-3352-aa07-b17d53ed94af,xp+jetsam,2025-06-01 12:32:57
uuid,5b962fa9-bf5f-3ae7-aaa9-1514a425f289,xp+jetsam,2025-06-01 12:32:57
uuid,5c268e65-339d-3310-8c0e-c7f16247999f,xp+jetsam,2025-06-01 12:32:57
uuid,5d83d48d-1381-376c-a7ec-ca21e4d93227,xp+jetsam,2025-06-01 12:32:57
uuid,5da4a22f-2abd-313d-9611-397f2af87def,xp+jetsam,2025-06-01 12:32:57
uuid,5e5dd71e-e904-3180-a217-569356fe5b92,xp+jetsam,2025-06-01 12:32:57
uuid,5f4ab4aa-49e9-3bb8-a178-05edff02d5b7,xp+jetsam,2025-06-01 12:32:57
uuid,5f912dd0-1ba3-3a81-9e6a-5ca63113e7e3,xp+jetsam,2025-06-01 12:32:57
uuid,60d1c684-09b5-3f24-9a2d-b2364e76316d,xp+jetsam,2025-06-01 12:32:57
uuid,60ebdfce-c9c7-3a7d-8bbf-18fde19c122f,xp+jetsam,2025-06-01 12:32:57
uuid,60f8574e-f80e-3f82-b525-130b2c5dc2c4,xp+jetsam,2025-06-01 12:32:57
uuid,61216F36-4482-47DC-B335-B60037947748,xp+jetsam,2025-06-01 12:32:57
uuid,616d68e4-b4fe-3d52-ab69-95ad21cb3a73,xp+jetsam,2025-06-01 12:32:57
uuid,61B2243D-6BAF-418F-B69F-710D17AF9FF9,xp+jetsam,2025-06-01 12:32:57
uuid,62215152-957b-30bb-8986-55c8b6e65fc8,xp+jetsam,2025-06-01 12:32:57
uuid,62516365-acb3-3ed1-862c-19bd07582689,xp+jetsam,2025-06-01 12:32:57
uuid,648F1EEE-54E3-4B17-914B-B6FB39BCCA7E,xp+jetsam,2025-06-01 12:32:57
uuid,6518821f-a6e1-368a-a404-a114a2df345f,xp+jetsam,2025-06-01 12:32:57
uuid,652d6c28-dd6e-3a3c-9367-2dd08728e603,xp+jetsam,2025-06-01 12:32:57
uuid,65c40fb7-0019-3021-967d-74e4d7e8492b,xp+jetsam,2025-06-01 12:32:57
uuid,6688ebc1-019e-3ac8-b3e9-5372cffb8643,xp+jetsam,2025-06-01 12:32:57
uuid,671c4691-2fd1-34ca-a193-543323be043a,xp+jetsam,2025-06-01 12:32:57
uuid,6764cfeb-c307-326a-921b-6fe5291381e6,xp+jetsam,2025-06-01 12:32:57
uuid,67717984-50e3-3c7b-ba3b-32cb9a37b239,xp+jetsam,2025-06-01 12:32:57
uuid,682dcebf-f30e-3715-93ed-dd00414202f8,xp+jetsam,2025-06-01 12:32:57
uuid,683e17e7-4831-3824-ba90-94aa8f56fb22,xp+jetsam,2025-06-01 12:32:57
uuid,68b34634-f80f-379a-8929-e3a9474d9736,xp+jetsam,2025-06-01 12:32:57
uuid,68dc9bb7-5d49-3a20-813f-04cad0683eb9,xp+jetsam,2025-06-01 12:32:57
uuid,68f2aa3f-4e8b-37fb-a321-a1bd2e29bbb9,xp+jetsam,2025-06-01 12:32:57
uuid,6914edce-4fd5-36bf-9fc0-78fcd4dd4b34,xp+jetsam,2025-06-01 12:32:57
uuid,692b8732-bfe5-3f6f-af3c-8269f00de9f3,xp+jetsam,2025-06-01 12:32:57
uuid,693374CC-AF2A-47B8-900A-2502E25C8896,xp+jetsam,2025-06-01 12:32:57
uuid,69f13db5-92e5-3022-bce5-5ee716b1cc5e,xp+jetsam,2025-06-01 12:32:57
uuid,6A20295B-E11E-4714-A4A4-957A8ED650E9,xp+jetsam,2025-06-01 12:32:57
uuid,6BB5F6F0-E34A-4F6E-951D-3D0BE18194BD,xp+jetsam,2025-06-01 12:32:57
uuid,6E47511D-80AE-4964-9A94-65EB9266707F,xp+jetsam,2025-06-01 12:32:57
uuid,6F2B4BE8-0F0C-430A-AAFD-35957D7DD046,xp+jetsam,2025-06-01 12:32:57
uuid,6a09f6a8-501e-346c-9030-46ff812f5a31,xp+jetsam,2025-06-01 12:32:57
uuid,6a151500-928b-3e10-9ccc-0a42c4d462e9,xp+jetsam,2025-06-01 12:32:57
uuid,6a2f0c2f-927d-3c10-98f6-49500e5a839b,xp+jetsam,2025-06-01 12:32:57
uuid,6d055850-84b7-3373-b9c1-67a77ea3c719,xp+jetsam,2025-06-01 12:32:57
uuid,6d0e7115-b59d-39b6-ac5c-b8572b478ca7,xp+jetsam,2025-06-01 12:32:57
uuid,6ee82791-e1fd-38b6-bdac-7fd8dd66458b,xp+jetsam,2025-06-01 12:32:57
uuid,6efa879d-5847-3bfc-a052-e7fa35fdd187,xp+jetsam,2025-06-01 12:32:57
uuid,6f4654b2-36b1-315e-a6fb-6a409c7020bc,xp+jetsam,2025-06-01 12:32:57
uuid,6fa005d6-945c-3ab9-8758-e3d846607153,xp+jetsam,2025-06-01 12:32:57
uuid,6fcafa1e-6c71-34e0-944e-4e6cb73ad3f2,xp+jetsam,2025-06-01 12:32:57
uuid,6fcc6366-af2e-38ae-8281-ecd4bc48e7bd,xp+jetsam,2025-06-01 12:32:57
uuid,6ff311de-5829-379b-a2e3-3cae21ef1bdb,xp+jetsam,2025-06-01 12:32:57
uuid,7127c9a7-5313-3abf-8cfe-486794f4f2a8,xp+jetsam,2025-06-01 12:32:57
uuid,71c171e3-bdaa-3600-834c-79b4bf012221,xp+jetsam,2025-06-01 12:32:57
uuid,7229E639-8D3A-452B-8FFF-2F0EB0EAB0BC,xp+jetsam,2025-06-01 12:32:57
uuid,73093c37-a7b3-3616-b59a-77343f0147e1,xp+jetsam,2025-06-01 12:32:57
uuid,73933669-cce3-3a2f-9ab6-b6b87dce881e,xp+jetsam,2025-06-01 12:32:57
uuid,73a26fa7-c476-3ccc-bc8d-4e4098119d7e,xp+jetsam,2025-06-01 12:32:57
uuid,73a9b58f-a9b3-373d-858b-b7b42181fafe,xp+jetsam,2025-06-01 12:32:57
uuid,73e14bec-f240-38d5-bd10-595845eb6595,xp+jetsam,2025-06-01 12:32:57
uuid,7462D99D-E187-4FAF-B9BB-F4027952D7CE,xp+jetsam,2025-06-01 12:32:57
uuid,7539bd04-eb07-3b51-890d-e6bba7eb5f56,xp+jetsam,2025-06-01 12:32:57
uuid,7580461E-953F-4027-8D19-5151FA433DB2,xp+jetsam,2025-06-01 12:32:57
uuid,76b59918-3056-35e9-8fb5-cbf968ce732e,xp+jetsam,2025-06-01 12:32:57
uuid,7764adf9-77e4-3d31-9fa3-f93df40cae27,xp+jetsam,2025-06-01 12:32:57
uuid,78829ad6-dbe3-3ea0-b25f-e6ab258a0400,xp+jetsam,2025-06-01 12:32:57
uuid,78892a7a-ed20-397d-ae18-ee1ff4048882,xp+jetsam,2025-06-01 12:32:57
uuid,789ed4af-2459-3842-a498-53d5a08e2352,xp+jetsam,2025-06-01 12:32:57
uuid,78d7bac5-3edc-3741-b746-fdd59bbc07d1,xp+jetsam,2025-06-01 12:32:57
uuid,797dede3-5bf6-3730-995f-5a2de0650aa8,xp+jetsam,2025-06-01 12:32:57
uuid,79c94a1b-5e1c-3484-b064-154f5da929c3,xp+jetsam,2025-06-01 12:32:57
uuid,7A208A28-4324-4131-A72D-200343DA98F1,xp+jetsam,2025-06-01 12:32:57
uuid,7B09144D-463C-494F-ACD0-0BBE9C47DEDA,xp+jetsam,2025-06-01 12:32:57
uuid,7E6CCAF3-CA88-4889-8F52-5D423B77228B,xp+jetsam,2025-06-01 12:32:57
uuid,7c0f7e50-f224-3926-a832-4ca025ab98ee,xp+jetsam,2025-06-01 12:32:57
uuid,7d72626a-b992-3a51-a510-9013cfd9aa5e,xp+jetsam,2025-06-01 12:32:57
uuid,7d9fcede-6f27-3387-8a87-b269158460bc,xp+jetsam,2025-06-01 12:32:57
uuid,7e637aea-6d82-39f2-8f13-b25c0e1fe7dc,xp+jetsam,2025-06-01 12:32:57
uuid,7ed3b51d-e7f4-3f55-974a-48a124df19b5,xp+jetsam,2025-06-01 12:32:57
uuid,7f97ecf1-d54c-3fc9-8138-90665c5b8660,xp+jetsam,2025-06-01 12:32:57
uuid,7feb8ed1-21b3-3567-a0dd-248274d228b6,xp+jetsam,2025-06-01 12:32:57
uuid,807c37aa-8c4d-393a-856b-9ea27afe4b9c,xp+jetsam,2025-06-01 12:32:57
uuid,80d2168f-a750-306f-9344-64df900bbeb8,xp+jetsam,2025-06-01 12:32:57
uuid,81026D41-2689-4078-A697-B39EC316816C,xp+jetsam,2025-06-01 12:32:57
uuid,8408e04a-039a-3201-86e9-719bef54ce93,xp+jetsam,2025-06-01 12:32:57
uuid,84107020-c598-3ae5-b2c6-52373a55ce22,xp+jetsam,2025-06-01 12:32:57
uuid,848bedf8-cc44-364d-acb3-1fc4a49b7e2b,xp+jetsam,2025-06-01 12:32:57
uuid,8656D4A4-8FA9-4983-B81E-6E762423D623,xp+jetsam,2025-06-01 12:32:57
uuid,8797c804-1b0a-3e51-9e58-a969b625f036,xp+jetsam,2025-06-01 12:32:57
uuid,8856cfcd-486f-3a7f-b5c0-03a4d5b4cb72,xp+jetsam,2025-06-01 12:32:57
uuid,89aaa544-fe7f-3d5a-9a15-df280f209367,xp+jetsam,2025-06-01 12:32:57
uuid,8A00FCDF-2F73-4E6A-9604-CCECFD31BE39,xp+jetsam,2025-06-01 12:32:57
uuid,8BF0B538-CD21-432F-9A32-09760C773B0A,xp+jetsam,2025-06-01 12:32:57
uuid,8DAA7592-1E27-42AF-98EA-954834FAEFA6,xp+jetsam,2025-06-01 12:32:57
uuid,8F42CD56-EEF5-4954-B370-DF6CB509E979,xp+jetsam,2025-06-01 12:32:57
uuid,8F6571D3-960A-433A-9C28-651152592777,xp+jetsam,2025-06-01 12:32:57
uuid,8a8425bc-259b-33d7-8efb-577ca75a6c9d,xp+jetsam,2025-06-01 12:32:57
uuid,8ac2022a-4281-3b7c-8be5-893069ec251a,xp+jetsam,2025-06-01 12:32:57
uuid,8ad5c0c4-800c-3660-b2ee-b2f141f04738,xp+jetsam,2025-06-01 12:32:57
uuid,8b3150a8-d0ec-3aaa-bf45-c070fb564a04,xp+jetsam,2025-06-01 12:32:57
uuid,8baffb6e-aa42-3e8f-88ec-fb1ad7d075e5,xp+jetsam,2025-06-01 12:32:57
uuid,8c3e86cf-52c1-3134-8826-64e6bafa3029,xp+jetsam,2025-06-01 12:32:57
uuid,8e350b93-a594-3c7c-b66e-1a733d740e4d,xp+jetsam,2025-06-01 12:32:57
uuid,8facab9f-027b-303c-8342-fb5bb3c66140,xp+jetsam,2025-06-01 12:32:57
uuid,90723c04-cd6b-35f3-9ab9-3df3ebcabf62,xp+jetsam,2025-06-01 12:32:57
uuid,9077ee01-ff51-3b23-aefb-1ed4a4bc32cd,xp+jetsam,2025-06-01 12:32:57
uuid,91EA8161-D715-4C84-BD7F-8D19FEFEF58C,xp+jetsam,2025-06-01 12:32:57
uuid,91dbfb90-e7db-3bc1-a060-0fa6920e1430,xp+jetsam,2025-06-01 12:32:57
uuid,9209a209-97d7-378f-bdb8-12237ac5c660,xp+jetsam,2025-06-01 12:32:57
uuid,925f0f09-1680-3b4e-aee9-9eb2abe24693,xp+jetsam,2025-06-01 12:32:57
uuid,946d8a90-fe97-3b78-ba9e-a8ef818c4867,xp+jetsam,2025-06-01 12:32:57
uuid,95d461bf-4eba-3233-a5ab-142eeefa7f67,xp+jetsam,2025-06-01 12:32:57
uuid,96386c25-5616-379f-adfe-ffd36cafbd89,xp+jetsam,2025-06-01 12:32:57
uuid,97DDA4FE-4B84-470D-B507-A91578854BAB,xp+jetsam,2025-06-01 12:32:57
uuid,98162627-e89f-3657-913b-5cb5724c5081,xp+jetsam,2025-06-01 12:32:57
uuid,981c3ddb-88da-33d6-be6c-08f7e1c3b039,xp+jetsam,2025-06-01 12:32:57
uuid,98272f58-41c6-3199-b2a7-b569d6c34b94,xp+jetsam,2025-06-01 12:32:57
uuid,9854F0E8-AA57-471F-AB28-E6BB2CD8F92F,xp+jetsam,2025-06-01 12:32:57
uuid,9B0480E6-609F-4663-896C-465011BD00D7,xp+jetsam,2025-06-01 12:32:57
uuid,9B30F8A0-E38D-408F-A4FE-2D7C1E89F268,xp+jetsam,2025-06-01 12:32:57
uuid,9DA0A9B1-B70D-4579-8394-1A76ABF1408C,xp+jetsam,2025-06-01 12:32:57
uuid,9DEB9A7A-B32B-4A79-B233-1B9AF78256A4,xp+jetsam,2025-06-01 12:32:57
uuid,9DF54B60-A1B6-4C11-ABCA-BF5440850132,xp+jetsam,2025-06-01 12:32:57
uuid,9E1A62B2-701D-46AF-8612-ADB2906F00BE,xp+jetsam,2025-06-01 12:32:57
uuid,9E873650-2582-42DC-B68F-D20CBC1D7FB3,xp+jetsam,2025-06-01 12:32:57
uuid,9F2F44D0-A6D4-473D-9A82-A906F97FD64F,xp+jetsam,2025-06-01 12:32:57
uuid,9F4CE7DC-B911-4D4D-9296-1F3889283623,xp+jetsam,2025-06-01 12:32:57
uuid,9a0a7c07-92bc-30b9-9cfb-3f9db4bf64c6,xp+jetsam,2025-06-01 12:32:57
uuid,9a2943fb-81c7-3e4e-90c3-935e03233926,xp+jetsam,2025-06-01 12:32:57
uuid,9a30de0e-c328-3d5a-ae73-db258c4e22a5,xp+jetsam,2025-06-01 12:32:57
uuid,9a756ea3-0c5a-37ee-8635-adda145c035e,xp+jetsam,2025-06-01 12:32:57
uuid,9a82ce19-23ab-3bfe-89e1-a63286acb74a,xp+jetsam,2025-06-01 12:32:57
uuid,9b05e238-ad21-3fac-8127-fce5518a3ceb,xp+jetsam,2025-06-01 12:32:57
uuid,9cca2e39-0c7a-3cbd-9ab1-4d7d44a6110e,xp+jetsam,2025-06-01 12:32:57
uuid,9cd6e0d5-36d1-34c6-a3b8-4fb9b2c9813f,xp+jetsam,2025-06-01 12:32:57
uuid,9ceb536f-f2eb-306d-b031-3d6d822fc05f,xp+jetsam,2025-06-01 12:32:57
uuid,9d4bef8f-601e-3f73-9cac-96783554b36e,xp+jetsam,2025-06-01 12:32:57
uuid,9d85d85b-5c8f-3226-8d10-922190236533,xp+jetsam,2025-06-01 12:32:57
uuid,9d9b95ca-b844-3bff-9cc6-3c17c33d2f53,xp+jetsam,2025-06-01 12:32:57
uuid,9de78821-3495-3238-b82a-b2ae8cba0093,xp+jetsam,2025-06-01 12:32:57
uuid,9e629df0-e2da-3bb1-9c64-92d9b6a57a19,xp+jetsam,2025-06-01 12:32:57
uuid,9ed0f52c-d7dd-3fb8-84ba-3243697a2a00,xp+jetsam,2025-06-01 12:32:57
uuid,9f93c6b0-619e-360e-bcef-7a9ac54805af,xp+jetsam,2025-06-01 12:32:57
uuid,9fdced24-c28e-3e3a-896d-b5ae1242c789,xp+jetsam,2025-06-01 12:32:57
uuid,9fdd3398-2a01-39a9-b3aa-8aa008d1a52d,xp+jetsam,2025-06-01 12:32:57
uuid,A1637F7F-26A7-40EA-8148-2B6B480FE00D,xp+jetsam,2025-06-01 12:32:57
uuid,A16DF482-9343-44A7-8389-1A5E994FDCCC,xp+jetsam,2025-06-01 12:32:57
uuid,A208F6F8-ED14-4F98-9945-03E306E4C946,xp+jetsam,2025-06-01 12:32:57
uuid,A4D986D4-EFA9-4A72-B98F-CD28094952BE,xp+jetsam,2025-06-01 12:32:57
uuid,A556B7C9-AF1E-464B-A75A-010F2CBDC0FB,xp+jetsam,2025-06-01 12:32:57
uuid,A6A68FC4-E6A9-43D3-A7CF-38E9A9903FAD,xp+jetsam,2025-06-01 12:32:57
uuid,A6F3FAC4-BB38-48D6-8E91-46D28F6E0FD0,xp+jetsam,2025-06-01 12:32:57
uuid,A9A5B9EF-7AF5-4D1A-AA02-441455B0CFAE,xp+jetsam,2025-06-01 12:32:57
uuid,AB79533E-6A87-460E-A9E0-9F2627290A06,xp+jetsam,2025-06-01 12:32:57
uuid,B185C4CB-4BEA-4D7D-8487-C1AD88940891,xp+jetsam,2025-06-01 12:32:57
uuid,B44B3C2A-E4D5-47B4-8650-11F5919B3019,xp+jetsam,2025-06-01 12:32:57
uuid,BBE1F647-21DB-4826-9D1B-4CF9A556F842,xp+jetsam,2025-06-01 12:32:57
uuid,BCC7C0DE-BBB6-49D3-B09E-E3BF873B2A4F,xp+jetsam,2025-06-01 12:32:57
uuid,BEFDC8AA-A035-4A8F-A950-3BB765AFB893,xp+jetsam,2025-06-01 12:32:57
uuid,BF760E2D-BA09-4870-9879-8B0802A32B9D,xp+jetsam,2025-06-01 12:32:57
uuid,C080ABF5-E94E-4713-8B06-A474379A87FE,xp+jetsam,2025-06-01 12:32:57
uuid,C1AFD18D-7900-4C63-BF0D-068CEC8D3ADB,xp+jetsam,2025-06-01 12:32:57
uuid,C44790D6-1501-4FC2-A21C-37A3DB99FEAA,xp+jetsam,2025-06-01 12:32:57
uuid,C651CEEE-5CAB-4853-8B74-11A161C36F17,xp+jetsam,2025-06-01 12:32:57
uuid,C73CE227-E6BF-4219-970F-ADF9F06F636F,xp+jetsam,2025-06-01 12:32:57
uuid,CB9D65D4-7F7C-4636-8543-21E668BDB688,xp+jetsam,2025-06-01 12:32:57
uuid,CC04767D-B1FF-4841-91F4-FDBE3F59DD7F,xp+jetsam,2025-06-01 12:32:57
uuid,CC1D61DF-AA02-459E-B907-1BCDB5EBD079,xp+jetsam,2025-06-01 12:32:57
uuid,CF011596-018C-4465-B036-3047335925C6,xp+jetsam,2025-06-01 12:32:57
uuid,CF9BA3AC-F824-48DD-B2A4-22F45538FED5,xp+jetsam,2025-06-01 12:32:57
uuid,D0824DD4-574B-4258-AE03-CD5A8B545946,xp+jetsam,2025-06-01 12:32:57
uuid,D38203EE-D9D6-4391-9E7B-7C731EDE06FF,xp+jetsam,2025-06-01 12:32:57
uuid,D4D51A77-BBA7-45F4-B27C-8B7AAA7E8A2E,xp+jetsam,2025-06-01 12:32:57
uuid,D877754F-D6FA-4CC9-BFED-2704E3425A69,xp+jetsam,2025-06-01 12:32:57
uuid,D8D80674-BBA1-47B6-AEDB-2A98737E6353,xp+jetsam,2025-06-01 12:32:57
uuid,D91749A9-F11B-4546-9A59-D079D014EF9B,xp+jetsam,2025-06-01 12:32:57
uuid,DBA02EFB-2799-496B-BCD9-FF1D00A6F4BD,xp+jetsam,2025-06-01 12:32:57
uuid,DCBFDB22-2731-4B22-AACB-DA902A951BAF,xp+jetsam,2025-06-01 12:32:57
uuid,DE0EC8D7-2EEF-4C75-93D2-5DD72BAEC63A,xp+jetsam,2025-06-01 12:32:57
uuid,DFAD2192-20F4-42FD-B167-A17F582EEB41,xp+jetsam,2025-06-01 12:32:57
uuid,DFC0EB12-4ECE-446E-9090-BC2566721E67,xp+jetsam,2025-06-01 12:32:57
uuid,E217B920-91EF-4B71-A468-1FCBA74B73D8,xp+jetsam,2025-06-01 12:32:57
uuid,E30DC803-AD51-437B-9577-FE82CB4A82CC,xp+jetsam,2025-06-01 12:32:57
uuid,E4E51835-DCCF-4F7A-8285-19394005172B,xp+jetsam,2025-06-01 12:32:57
uuid,E89E3281-8AC2-4EC5-8E64-7ADA28E15951,xp+jetsam,2025-06-01 12:32:57
uuid,EACF068F-8477-47C5-B721-6BA5200446B4,xp+jetsam,2025-06-01 12:32:57
uuid,EAE0CFEE-4156-4E05-AF9A-D0339DC648CE,xp+jetsam,2025-06-01 12:32:57
uuid,EDE3540F-26E0-44FC-9ED7-6C3BCFEB9D0D,xp+jetsam,2025-06-01 12:32:57
uuid,EE0C9358-8434-4487-A2C0-12974B347146,xp+jetsam,2025-06-01 12:32:57
uuid,EFA3E219-E4EB-4ED1-AD55-AB70FBE775B7,xp+jetsam,2025-06-01 12:32:57
uuid,F237CACA-A64C-495B-A42A-515C06AD727A,xp+jetsam,2025-06-01 12:32:57
uuid,F6D17240-DC0D-48F8-AB52-BCD40BBF9524,xp+jetsam,2025-06-01 12:32:57
uuid,F93D48F5-6B52-41FA-A69A-5781D84CC30C,xp+jetsam,2025-06-01 12:32:57
uuid,F96736CF-AB3B-4708-B514-A1431C873649,xp+jetsam,2025-06-01 12:32:57
uuid,FB010A37-59A1-4ECB-B76A-81410C8EC64D,xp+jetsam,2025-06-01 12:32:57
uuid,FCE5F27F-580B-422D-8E6C-AE4EE9A84C42,xp+jetsam,2025-06-01 12:32:57
uuid,FD9EAEC9-DBD8-4B3A-B4CF-FEECE7643FBC,xp+jetsam,2025-06-01 12:32:57
uuid,FF787ADE-C4D0-47CC-B60B-C77EA5C5A175,xp+jetsam,2025-06-01 12:32:57
uuid,FFE4585D-754A-43B7-B488-394AED545BD4,xp+jetsam,2025-06-01 12:32:57
uuid,a23e9594-3bf5-374b-bd61-859796807374,xp+jetsam,2025-06-01 12:32:57
uuid,a2b43a92-d3f8-350e-b740-3f0837a7e325,xp+jetsam,2025-06-01 12:32:57
uuid,a355f0eb-a44d-329c-96a0-8d93ca1d8c13,xp+jetsam,2025-06-01 12:32:57
uuid,a4648b01-020f-35b0-b78c-d9c732fc7e04,xp+jetsam,2025-06-01 12:32:57
uuid,a6ff88ae-6f31-3295-8701-2b9c79165aa6,xp+jetsam,2025-06-01 12:32:57
uuid,a70d37ed-7447-3c52-b556-bbe414f84266,xp+jetsam,2025-06-01 12:32:57
uuid,a72bddf0-b444-3b33-95fb-3472ef1187ca,xp+jetsam,2025-06-01 12:32:57
uuid,a8138301-4190-30c7-a460-e6c6b42c0aba,xp+jetsam,2025-06-01 12:32:57
uuid,a8beb004-254e-38a9-95ca-84b91afad4ed,xp+jetsam,2025-06-01 12:32:57
uuid,a8d74e64-527c-3314-a6e8-5bbad6ec1bb8,xp+jetsam,2025-06-01 12:32:57
uuid,a935351c-4fa3-3fa3-97f3-2cebb5751a1b,xp+jetsam,2025-06-01 12:32:57
uuid,a9ac510c-acfd-344b-ac0e-228f5aac9734,xp+jetsam,2025-06-01 12:32:57
uuid,aa0167bd-ea4f-3598-a612-3c9d4520e915,xp+jetsam,2025-06-01 12:32:57
uuid,ab12c0eb-e31a-3c19-b7d6-af06d0c9d3cf,xp+jetsam,2025-06-01 12:32:57
uuid,aefc47d5-dc84-3bf6-a122-7501c689497a,xp+jetsam,2025-06-01 12:32:57
uuid,b0310606-24e6-3473-bcc0-f1a26bc9eb75,xp+jetsam,2025-06-01 12:32:57
uuid,b0364e21-d5cd-343f-b452-cf7781cf0bcf,xp+jetsam,2025-06-01 12:32:57
uuid,b1c2b5d4-095a-3c0a-8efe-c972f26cdf2c,xp+jetsam,2025-06-01 12:32:57
uuid,b247c4b4-41c8-3088-9aea-9d5d4a881428,xp+jetsam,2025-06-01 12:32:57
uuid,b2a16313-d559-3566-b7a5-d7e87ef9be47,xp+jetsam,2025-06-01 12:32:57
uuid,b2bdb2c5-1d99-3a9a-b389-632280e9e419,xp+jetsam,2025-06-01 12:32:57
uuid,b323bf60-876c-33e1-98d4-13ac77a3f395,xp+jetsam,2025-06-01 12:32:57
uuid,b3589479-b382-382e-a949-43acb0156639,xp+jetsam,2025-06-01 12:32:57
uuid,b38d7c41-3455-3c79-b939-700f6131fc97,xp+jetsam,2025-06-01 12:32:57
uuid,b59ea097-2727-3c74-b915-d9aa075b5d4c,xp+jetsam,2025-06-01 12:32:57
uuid,b693379f-82fd-3b8b-879a-abc02fbab556,xp+jetsam,2025-06-01 12:32:57
uuid,b770c9f7-e173-3fef-93ea-04e86239e55f,xp+jetsam,2025-06-01 12:32:57
uuid,b7fdc45c-6786-3ddf-8bcf-480e198eff3b,xp+jetsam,2025-06-01 12:32:57
uuid,b9899d72-8907-321e-a1e8-b61b92523c25,xp+jetsam,2025-06-01 12:32:57
uuid,b995e3fb-d06f-36ff-ada5-876128a4c669,xp+jetsam,2025-06-01 12:32:57
uuid,b9f6efaa-da7f-330e-b2b7-c8211c4f16e4,xp+jetsam,2025-06-01 12:32:57
uuid,ba12c838-5625-3d9e-9c40-4f80b137c34c,xp+jetsam,2025-06-01 12:32:57
uuid,bb54dcfc-cbeb-3b99-8199-2ee47e81a5c7,xp+jetsam,2025-06-01 12:32:57
uuid,bc11ff7a-5586-30c3-b70b-8d9cbb02e161,xp+jetsam,2025-06-01 12:32:57
uuid,bd559900-51d4-3c2d-8ef0-cce919079848,xp+jetsam,2025-06-01 12:32:57
uuid,be775cd7-d96b-353a-8282-c0aba790cf55,xp+jetsam,2025-06-01 12:32:57
uuid,befcd552-1f17-31f9-929c-792efc12d14a,xp+jetsam,2025-06-01 12:32:57
uuid,bf1faa14-a882-3505-8086-6a7a57ee42af,xp+jetsam,2025-06-01 12:32:57
uuid,bf278517-32d7-3926-8d0e-0b08fd7705e0,xp+jetsam,2025-06-01 12:32:57
uuid,c022f2b2-0c1e-3822-b206-74f8e8477ed5,xp+jetsam,2025-06-01 12:32:57
uuid,c163cc31-1b86-38a1-b154-a55b0a828673,xp+jetsam,2025-06-01 12:32:57
uuid,c26e82e3-15f5-34fc-a1e3-6da7798cf3b8,xp+jetsam,2025-06-01 12:32:57
uuid,c3063fcd-1c0a-3ac1-bb8e-85cc7a38d8ed,xp+jetsam,2025-06-01 12:32:57
uuid,c33cb2aa-d0c4-3d4f-8c6f-3c449c1ad04b,xp+jetsam,2025-06-01 12:32:57
uuid,c556b967-bda5-3fd2-a144-d3e164ca855c,xp+jetsam,2025-06-01 12:32:57
uuid,c6d75912-978c-3710-8aa8-ac17c5c9bba9,xp+jetsam,2025-06-01 12:32:57
uuid,c70df9b9-a596-354f-8b0c-05a5de856b23,xp+jetsam,2025-06-01 12:32:57
uuid,c86d84a7-16c7-3e34-8ff8-75d05fe75093,xp+jetsam,2025-06-01 12:32:57
uuid,c89e8b8b-e46a-3505-8d05-5ae40de3c50a,xp+jetsam,2025-06-01 12:32:57
uuid,c8e6e7a6-4891-3d74-8835-86f784bb2ce8,xp+jetsam,2025-06-01 12:32:57
uuid,c91b5220-2636-3cc3-9148-9489316a4d86,xp+jetsam,2025-06-01 12:32:57
uuid,ca2a8b23-5db3-34eb-b499-586b14963fc1,xp+jetsam,2025-06-01 12:32:57
uuid,cc55c3d5-b6e5-30b0-91ac-d808ab96667f,xp+jetsam,2025-06-01 12:32:57
uuid,cf7b7d25-a4f0-3bd8-b886-f2e76f040f41,xp+jetsam,2025-06-01 12:32:57
uuid,d00fe3bb-41d5-3b75-84c9-37362566e2b5,xp+jetsam,2025-06-01 12:32:57
uuid,d0f4bc4f-a6ce-3b43-add2-abbeb5fd00d6,xp+jetsam,2025-06-01 12:32:57
uuid,d233a79b-b240-331a-90fd-a258cc237106,xp+jetsam,2025-06-01 12:32:57
uuid,d23f1fd6-df88-3b5f-9d9b-47c356ec1eac,xp+jetsam,2025-06-01 12:32:57
uuid,d2d77793-d91b-33f9-b3e2-8a7a93206f31,xp+jetsam,2025-06-01 12:32:57
uuid,d2d9b8e8-032c-38ec-9452-6c5e7308df48,xp+jetsam,2025-06-01 12:32:57
uuid,d35b73b2-6af8-369c-a1f5-83f9e0e7b209,xp+jetsam,2025-06-01 12:32:57
uuid,d395d5f9-988e-3842-8274-fc671cb7eb7e,xp+jetsam,2025-06-01 12:32:57
uuid,d3c2df39-b56c-37b9-a568-951db1f637de,xp+jetsam,2025-06-01 12:32:57
uuid,d4059a2d-1cd1-3d7f-8bcb-12ba5425dbdd,xp+jetsam,2025-06-01 12:32:57
uuid,d4885af7-7e0c-3428-b15c-0682a898d821,xp+jetsam,2025-06-01 12:32:57
uuid,d4952204-b1e8-382b-83b5-33ba13f87225,xp+jetsam,2025-06-01 12:32:57
uuid,d49c12f9-5f26-3a7f-82c8-835c08f854b0,xp+jetsam,2025-06-01 12:32:57
uuid,d4e0fe3a-b799-332a-b2c2-e3c4a5029a28,xp+jetsam,2025-06-01 12:32:57
uuid,d582e876-3b4a-3993-8182-9d13486ba9cc,xp+jetsam,2025-06-01 12:32:57
uuid,d71a0dfb-5389-3296-bb80-cbb6cbb945f0,xp+jetsam,2025-06-01 12:32:57
uuid,d7661040-4b79-323a-8ce1-46b70858e16f,xp+jetsam,2025-06-01 12:32:57
uuid,d836d702-b98b-368c-8bd1-27fc04c465db,xp+jetsam,2025-06-01 12:32:57
uuid,d8cb22dc-4f5d-34fe-821b-cdb33025f9c6,xp+jetsam,2025-06-01 12:32:57
uuid,d9ae0e76-9e8d-341f-b158-604d6682c8de,xp+jetsam,2025-06-01 12:32:57
uuid,d9b9c426-3b51-3306-8067-228950d66d74,xp+jetsam,2025-06-01 12:32:57
uuid,da07cd1a-5b8d-3d76-8b0a-6afb70ada208,xp+jetsam,2025-06-01 12:32:57
uuid,da402d02-4322-34f1-a9b0-27f50798d757,xp+jetsam,2025-06-01 12:32:57
uuid,dbce263a-6833-346e-973f-4b6d48553dd1,xp+jetsam,2025-06-01 12:32:57
uuid,dc50c3f4-3026-30c5-bb06-e088007af613,xp+jetsam,2025-06-01 12:32:57
uuid,dcb0e67e-921d-3fc5-a9fb-36c052ae85da,xp+jetsam,2025-06-01 12:32:57
uuid,dcf00205-7858-3bc8-a20e-f0553c957839,xp+jetsam,2025-06-01 12:32:57
uuid,dcff7269-c021-3413-a63a-880b663b7d0d,xp+jetsam,2025-06-01 12:32:57
uuid,dd5d68fe-3769-3c7c-a5cf-c1ceb7ac4cf6,xp+jetsam,2025-06-01 12:32:57
uuid,ddafbb77-3f20-3285-a73b-7cbd43664057,xp+jetsam,2025-06-01 12:32:57
uuid,de7a96c3-5450-331e-9603-6061da55172a,xp+jetsam,2025-06-01 12:32:57
uuid,df5be301-d2df-3f88-8ea2-6f1fa36107ca,xp+jetsam,2025-06-01 12:32:57
uuid,df858ebd-c6bf-354f-a938-038321223562,xp+jetsam,2025-06-01 12:32:57
uuid,e12a4f2c-ecb4-3725-b943-60528824b434,xp+jetsam,2025-06-01 12:32:57
uuid,e486e943-0b63-38fa-a4a0-49f290c8f253,xp+jetsam,2025-06-01 12:32:57
uuid,e48bc0de-900e-339c-9f77-a74586f224f0,xp+jetsam,2025-06-01 12:32:57
uuid,e50c06dd-ff90-3e6d-b089-ca9912a62c59,xp+jetsam,2025-06-01 12:32:57
uuid,e5e61eb6-64ea-3a47-8734-a8f44d3f1f62,xp+jetsam,2025-06-01 12:32:57
uuid,e734a9af-7b85-32bb-8a91-e6338493131d,xp+jetsam,2025-06-01 12:32:57
uuid,e7c0c322-04cd-3952-b809-9ee33e49dff5,xp+jetsam,2025-06-01 12:32:57
uuid,e7da301a-445a-3a2a-b01f-279d8afa0a37,xp+jetsam,2025-06-01 12:32:57
uuid,e825e820-5acd-33f4-9ad1-5c150e5dd0be,xp+jetsam,2025-06-01 12:32:57
uuid,e9d20d35-4614-30cc-985b-07fa8c3a7356,xp+jetsam,2025-06-01 12:32:57
uuid,ea24b27c-19fc-38c6-b8c5-79fb4e7bee26,xp+jetsam,2025-06-01 12:32:57
uuid,ea4d4ba1-26fb-3836-a848-923ddc285677,xp+jetsam,2025-06-01 12:32:57
uuid,ea61cb33-8ecc-3eaa-b321-878d6aa67c66,xp+jetsam,2025-06-01 12:32:57
uuid,ea77d9f8-17be-3235-8915-a312f7bed484,xp+jetsam,2025-06-01 12:32:57
uuid,eb46480f-29a5-3606-bad8-059267fc3ece,xp+jetsam,2025-06-01 12:32:57
uuid,ebe78e3c-acbb-3078-81ab-1f050f845965,xp+jetsam,2025-06-01 12:32:57
uuid,ec40a47a-890b-341e-925a-d3d7fd0af04f,xp+jetsam,2025-06-01 12:32:57
uuid,ec6ca926-bc95-3390-ae65-8b645abcca34,xp+jetsam,2025-06-01 12:32:57
uuid,ec7e18e7-fdea-3a85-8638-78e605adacca,xp+jetsam,2025-06-01 12:32:57
uuid,ed104b72-3235-3aae-b340-483e9ac2aef8,xp+jetsam,2025-06-01 12:32:57
uuid,ed352719-4b0a-336e-aba2-542a21bcd135,xp+jetsam,2025-06-01 12:32:57
uuid,eda3575a-a973-3d24-96f0-cf921f04ecb8,xp+jetsam,2025-06-01 12:32:57
uuid,ee0e85a4-737a-384f-8b8a-0343d90ab422,xp+jetsam,2025-06-01 12:32:57
uuid,ee41363f-4ff5-3850-b685-7e92d2f07a54,xp+jetsam,2025-06-01 12:32:57
uuid,ef0afad1-eee3-3f6c-8379-357779191f94,xp+jetsam,2025-06-01 12:32:57
uuid,ef7be3e4-6e35-3a51-a01c-dfc5bccb59ed,xp+jetsam,2025-06-01 12:32:57
uuid,ef8ae607-618e-3713-b022-246bf77bd5b3,xp+jetsam,2025-06-01 12:32:57
uuid,f01653d1-bcc6-3fc3-b1a3-535d5dfd3eb0,xp+jetsam,2025-06-01 12:32:57
uuid,f084cd16-051a-320b-906a-82a123ac74be,xp+jetsam,2025-06-01 12:32:57
uuid,f0f1915a-27a3-33fe-afa3-affa07dbd9d3,xp+jetsam,2025-06-01 12:32:57
uuid,f120fd5c-4fb4-3193-92e0-7afd2c4b5946,xp+jetsam,2025-06-01 12:32:57
uuid,f19685f1-cb6d-3b71-bcc3-d6c075d2dae6,xp+jetsam,2025-06-01 12:32:57
uuid,f1f846a3-de94-3190-93e2-5779d45ad7b3,xp+jetsam,2025-06-01 12:32:57
uuid,f2349f6b-5bb5-3e99-bce6-406a334c9a51,xp+jetsam,2025-06-01 12:32:57
uuid,f37dc9a4-8093-3586-b500-98985931445c,xp+jetsam,2025-06-01 12:32:57
uuid,f41e6560-a688-3312-921a-832e115db745,xp+jetsam,2025-06-01 12:32:57
uuid,f4c5c2e2-00df-30c5-a155-1cb7078a9b4c,xp+jetsam,2025-06-01 12:32:57
uuid,f5523041-3c93-3ab9-8b61-07926bf07bf7,xp+jetsam,2025-06-01 12:32:57
uuid,f5b1e6ab-2c6d-399f-9daf-65eec5943068,xp+jetsam,2025-06-01 12:32:57
uuid,f63eaea9-b56d-378c-955f-b3813a492195,xp+jetsam,2025-06-01 12:32:57
uuid,f6a314fa-0457-3c80-8d4c-cb93e7a03552,xp+jetsam,2025-06-01 12:32:57
uuid,f781f347-a9f6-3d58-a169-e9d59ee5e421,xp+jetsam,2025-06-01 12:32:57
uuid,f7d1d781-69af-37c1-94e1-0eb71473bd9d,xp+jetsam,2025-06-01 12:32:57
uuid,f82c687f-2041-30cf-88d5-a9d19b3a3706,xp+jetsam,2025-06-01 12:32:57
uuid,f894def5-2656-371b-b254-e2a07f9ed4f2,xp+jetsam,2025-06-01 12:32:57
uuid,f8de38e6-f2ae-3e57-999a-5e3afc50e943,xp+jetsam,2025-06-01 12:32:57
uuid,fa570492-5cd9-3f0d-82fe-88c907cd3897,xp+jetsam,2025-06-01 12:32:57
uuid,fa679d33-c36e-3d08-b7d2-c82bb14655fc,xp+jetsam,2025-06-01 12:32:57
uuid,fa7da1d2-485d-37e1-9bd2-215aed284874,xp+jetsam,2025-06-01 12:32:57
uuid,fb01db56-f2b9-313d-9638-d62b5144e295,xp+jetsam,2025-06-01 12:32:57
uuid,fcb46da2-e91a-358e-b96b-6a8c3156442c,xp+jetsam,2025-06-01 12:32:57
uuid,fccab341-51c0-3f9d-80e6-b68c445813da,xp+jetsam,2025-06-01 12:32:57
uuid,fe7346ae-1b61-33f7-a88b-557a60cfb6cb,xp+jetsam,2025-06-01 12:32:57
usageClientId,7229E639-8D3A-452B-8FFF-2F0EB0EAB0BC,xp,2025-06-01 12:32:57
